{
  "intercept": 45.19323736181423,
  "slope": 0.15303846129277496,
  "r2": 0.9601961111225585,
  "rmse": 13.737155282999899,
  "mae": 11.016194086192652,
  "equation": "Price = 45.19 + 0.1530 \u00d7 House Size",
  "data_points": 100,
  "min_size": 1013.0,
  "max_size": 2499.0
}